Workbook

Sheet Февраль 2026
A1: Дата | B1: Toyota Corolla | G1: Kia Optima | L1: Honda Civic | Q1: Зар.палата забрали | R1: Ксса за все время
B2: Покупка и подготовка к аренде | C2: Аренда | D2: Расходы | F2: Прибыль | G2: Покупка и подготовка к аренде | H2: Аренда | I2: Расходы | K2: Прибыль | L2: Покупка и подготовка к аренде | M2: Аренда | N2: Расходы | P2: Прибыль
D3: ТО | E3: Прочее | I3: ТО | J3: Прочее | N3: ТО | O3: Прочее
A4: 46054 | F4: {=C4-D4-E4} -> 0 | K4: {=H4-I4-J4} -> 0 | P4: {=M4-N4-O4} -> 0
A5: 46055 | F5: {=C5-D5-E5} -> 0 | K5: {=H5-I5-J5} -> 0 | P5: {=M5-N5-O5} -> 0
A6: 46056 | F6: {=C6-D6-E6} -> 0 | K6: {=H6-I6-J6} -> 0 | P6: {=M6-N6-O6} -> 0
A7: 46057 | F7: {=C7-D7-E7} -> 0 | K7: {=H7-I7-J7} -> 0 | P7: {=M7-N7-O7} -> 0
A8: 46058 | F8: {=C8-D8-E8} -> 0 | K8: {=H8-I8-J8} -> 0 | P8: {=M8-N8-O8} -> 0
A9: 46059 | F9: {=C9-D9-E9} -> 0 | K9: {=H9-I9-J9} -> 0 | P9: {=M9-N9-O9} -> 0
A10: 46060 | F10: {=C10-D10-E10} -> 0 | K10: {=H10-I10-J10} -> 0 | P10: {=M10-N10-O10} -> 0
A11: 46061 | F11: {=C11-D11-E11} -> 0 | K11: {=H11-I11-J11} -> 0 | P11: {=M11-N11-O11} -> 0
A12: 46062 | F12: {=C12-D12-E12} -> 0 | K12: {=H12-I12-J12} -> 0 | P12: {=M12-N12-O12} -> 0
A13: 46063 | F13: {=C13-D13-E13} -> 0 | K13: {=H13-I13-J13} -> 0 | P13: {=M13-N13-O13} -> 0
A14: 46064 | B14: 1045000 | F14: {=C14-D14-E14} -> 0 | G14: 1445000 | K14: {=H14-I14-J14} -> 0 | L14: 895000 | P14: {=M14-N14-O14} -> 0
A15: 46065 | B15: 25000 | F15: {=C15-D15-E15} -> 0 | G15: 25000 | K15: {=H15-I15-J15} -> 0 | L15: 25000 | P15: {=M15-N15-O15} -> 0
A16: 46066 | B16: 10100 | F16: {=C16-D16-E16} -> 0 | G16: 12500 | K16: {=H16-I16-J16} -> 0 | L16: 8700 | P16: {=M16-N16-O16} -> 0
A17: 46067 | B17: 5700 | F17: {=C17-D17-E17} -> 0 | G17: 9000 | K17: {=H17-I17-J17} -> 0 | L17: 5800 | P17: {=M17-N17-O17} -> 0
A18: 46068 | B18: 8000 | F18: {=C18-D18-E18} -> 0 | G18: 15550 | H18: 4500 | K18: {=H18-I18-J18} -> 4500 | L18: 8000 | P18: {=M18-N18-O18} -> 0
A19: 46069 | B19: 3300 | F19: {=C19-D19-E19} -> 0 | H19: 4500 | K19: {=H19-I19-J19} -> 4500 | L19: 3300 | P19: {=M19-N19-O19} -> 0
A20: 46070 | B20: 500 | F20: {=C20-D20-E20} -> 0 | G20: 500 | H20: 4500 | K20: {=H20-I20-J20} -> 4500 | L20: 500 | P20: {=M20-N20-O20} -> 0
A21: 46071 | B21: 13500 | F21: {=C21-D21-E21} -> 0 | G21: 10000 | H21: 4500 | K21: {=H21-I21-J21} -> 4500 | L21: 13500 | P21: {=M21-N21-O21} -> 0
A22: 46072 | B22: 13000 | F22: {=C22-D22-E22} -> 0 | H22: 4500 | K22: {=H22-I22-J22} -> 4500 | L22: 13000 | P22: {=M22-N22-O22} -> 0
A23: 46073 | B23: 10000 | F23: {=C23-D23-E23} -> 0 | H23: 4500 | K23: {=H23-I23-J23} -> 4500 | L23: 10000 | P23: {=M23-N23-O23} -> 0
A24: 46074 | F24: {=C24-D24-E24} -> 0 | H24: 4500 | K24: {=H24-I24-J24} -> 4500 | M24: 3500 | P24: {=M24-N24-O24} -> 3500
A25: 46075 | C25: 3500 | F25: {=C25-D25-E25} -> 3500 | H25: 4500 | K25: {=H25-I25-J25} -> 4500 | M25: 3500 | P25: {=M25-N25-O25} -> 3500
A26: 46076 | C26: 3500 | F26: {=C26-D26-E26} -> 3500 | H26: 4500 | K26: {=H26-I26-J26} -> 4500 | M26: 3500 | P26: {=M26-N26-O26} -> 3500
A27: 46077 | C27: 3500 | F27: {=C27-D27-E27} -> 3500 | K27: {=H27-I27-J27} -> 0 | P27: {=M27-N27-O27} -> 0
A28: 46078 | F28: {=C28-D28-E28} -> 0 | K28: {=H28-I28-J28} -> 0 | P28: {=M28-N28-O28} -> 0
A29: 46079 | C29: 3500 | F29: {=C29-D29-E29} -> 3500 | K29: {=H29-I29-J29} -> 0 | P29: {=M29-N29-O29} -> 0
A30: 46080 | F30: {=C30-D30-E30} -> 0 | K30: {=H30-I30-J30} -> 0 | P30: {=M30-N30-O30} -> 0
A31: 46081 | F31: {=C31-D31-E31} -> 0 | G31: 15300 | I31: 2000 | J31: 1700 | K31: {=H31-I31-J31} -> -3700 | M31: 3000 | P31: {=M31-N31-O31} -> 3000 | Q31: 12860
A32: Итого: | B32: {=SUM(B4:B31)} -> 1134100 | C32: {=SUM(C4:C31)} -> 14000 | D32: {=SUM(D4:D31)} -> 0 | E32: {=SUM(E4:E31)} -> 0 | F32: {=C32-D32-E32} -> 14000 | G32: {=SUM(G4:G31)} -> 1532850 | H32: {=SUM(H4:H31)} -> 40500 | I32: {=SUM(I4:I31)} -> 2000 | J32: {=SUM(J4:J31)} -> 1700 | K32: {=H32-I32-J32} -> 36800 | L32: {=SUM(L4:L31)} -> 982800 | M32: {=SUM(M4:M31)} -> 13500 | N32: {=SUM(N4:N31)} -> 0 | O32: {=SUM(O4:O31)} -> 0 | P32: {=M32-N32-O32} -> 13500 | Q32: {=SUM(F32,K32,P32)} -> 64300 | R32: {=Q32} -> 64300

Sheet Март 2026
A1: Дата | B1: Toyota Corolla | G1: Kia Optima | L1: Honda Civic | Q1: hongqi | V1: Зар.палата забрали | W1: Ксса за все время
B2: Покапка и подготовка к аренде | C2: Аренда | D2: Расходы | F2: Прибыль | G2: Покупка и подготовка к аренде | H2: Аренда | I2: Расходы | K2: Прибыль | L2: Покупка и подготовка к аренде | M2: Аренда | N2: Расходы | P2: Прибыль | Q2: Покупка и подготовка к аренде | R2: Аренда | S2: Расходы | U2: Прибыль
D3: ТО | E3: Прочее | I3: ТО | J3: Прочее | N3: ТО | O3: Прочее | S3: ТО | T3: Прочее
A4: 46082 | F4: {=C4-D4-E4} -> 0 | K4: {=H4-I4-J4} -> 0 | M4: 3000 | P4: {=M4-N4-O4} -> 3000 | U4: {=R4-S4-T4} -> 0
A5: 46083 | F5: {=C5-D5-E5} -> 0 | K5: {=H5-I5-J5} -> 0 | M5: 3000 | P5: {=M5-N5-O5} -> 3000 | U5: {=R5-S5-T5} -> 0
A6: 46084 | F6: {=C6-D6-E6} -> 0 | H6: 5000 | K6: {=H6-I6-J6} -> 5000 | M6: 3000 | P6: {=M6-N6-O6} -> 3000 | U6: {=R6-S6-T6} -> 0
A7: 46085 | F7: {=C7-D7-E7} -> 0 | H7: 5000 | K7: {=H7-I7-J7} -> 5000 | P7: {=M7-N7-O7} -> 0 | U7: {=R7-S7-T7} -> 0
A8: 46086 | F8: {=C8-D8-E8} -> 0 | H8: 5000 | K8: {=H8-I8-J8} -> 5000 | P8: {=M8-N8-O8} -> 0 | U8: {=R8-S8-T8} -> 0
A9: 46087 | F9: {=C9-D9-E9} -> 0 | H9: 5000 | K9: {=H9-I9-J9} -> 5000 | M9: 4000 | P9: {=M9-N9-O9} -> 4000 | U9: {=R9-S9-T9} -> 0
A10: 46088 | C10: 4000 | F10: {=C10-D10-E10} -> 4000 | H10: 4000 | K10: {=H10-I10-J10} -> 4000 | M10: 4000 | P10: {=M10-N10-O10} -> 4000 | U10: {=R10-S10-T10} -> 0
A11: 46089 | C11: 4000 | F11: {=C11-D11-E11} -> 4000 | H11: 4000 | K11: {=H11-I11-J11} -> 4000 | M11: 4000 | P11: {=M11-N11-O11} -> 4000 | U11: {=R11-S11-T11} -> 0
A12: 46090 | C12: 4000 | F12: {=C12-D12-E12} -> 4000 | H12: 4000 | K12: {=H12-I12-J12} -> 4000 | M12: 3000 | P12: {=M12-N12-O12} -> 3000 | U12: {=R12-S12-T12} -> 0
A13: 46091 | C13: 4000 | F13: {=C13-D13-E13} -> 4000 | H13: 4000 | K13: {=H13-I13-J13} -> 4000 | M13: 3000 | P13: {=M13-N13-O13} -> 3000 | U13: {=R13-S13-T13} -> 0
A14: 46092 | F14: {=C14-D14-E14} -> 0 | K14: {=H14-I14-J14} -> 0 | P14: {=M14-N14-O14} -> 0 | U14: {=R14-S14-T14} -> 0
A15: 46093 | F15: {=C15-D15-E15} -> 0 | K15: {=H15-I15-J15} -> 0 | P15: {=M15-N15-O15} -> 0 | U15: {=R15-S15-T15} -> 0
A16: 46094 | F16: {=C16-D16-E16} -> 0 | K16: {=H16-I16-J16} -> 0 | P16: {=M16-N16-O16} -> 0 | U16: {=R16-S16-T16} -> 0
A17: 46095 | F17: {=C17-D17-E17} -> 0 | K17: {=H17-I17-J17} -> 0 | P17: {=M17-N17-O17} -> 0 | U17: {=R17-S17-T17} -> 0
A18: 46096 | F18: {=C18-D18-E18} -> 0 | K18: {=H18-I18-J18} -> 0 | P18: {=M18-N18-O18} -> 0 | U18: {=R18-S18-T18} -> 0
A19: 46097 | F19: {=C19-D19-E19} -> 0 | K19: {=H19-I19-J19} -> 0 | P19: {=M19-N19-O19} -> 0 | U19: {=R19-S19-T19} -> 0
A20: 46098 | F20: {=C20-D20-E20} -> 0 | K20: {=H20-I20-J20} -> 0 | P20: {=M20-N20-O20} -> 0 | U20: {=R20-S20-T20} -> 0
A21: 46099 | F21: {=C21-D21-E21} -> 0 | K21: {=H21-I21-J21} -> 0 | P21: {=M21-N21-O21} -> 0 | U21: {=R21-S21-T21} -> 0
A22: 46100 | F22: {=C22-D22-E22} -> 0 | K22: {=H22-I22-J22} -> 0 | P22: {=M22-N22-O22} -> 0 | U22: {=R22-S22-T22} -> 0
A23: 46101 | F23: {=C23-D23-E23} -> 0 | K23: {=H23-I23-J23} -> 0 | P23: {=M23-N23-O23} -> 0 | U23: {=R23-S23-T23} -> 0
A24: 46102 | F24: {=C24-D24-E24} -> 0 | K24: {=H24-I24-J24} -> 0 | P24: {=M24-N24-O24} -> 0 | U24: {=R24-S24-T24} -> 0
A25: 46103 | F25: {=C25-D25-E25} -> 0 | K25: {=H25-I25-J25} -> 0 | P25: {=M25-N25-O25} -> 0 | U25: {=R25-S25-T25} -> 0
... A34: 46112 | F34: {=C34-D34-E34} -> 0 | K34: {=H34-I34-J34} -> 0 | P34: {=M34-N34-O34} -> 0 | U34: {=R34-S34-T34} -> 0
A35: Итого: | B35: 1134100 | C35: {=SUM(C4:C34)} -> 16000 | D35: {=SUM(D4:D34)} -> 0 | E35: {=SUM(E4:E34)} -> 0 | F35: {=C35-D35-E35} -> 16000 | G35: 1532850 | H35: {=SUM(H4:H34)} -> 36000 | I35: {=SUM(I4:I34)} -> 0 | J35: {=SUM(J4:J34)} -> 0 | K35: {=H35-I35-J35} -> 36000 | L35: 982800 | M35: {=SUM(M4:M34)} -> 27000 | N35: {=SUM(N4:N34)} -> 0 | O35: {=SUM(O4:O34)} -> 0 | P35: {=M35-N35-O35} -> 27000 | R35: =SUM(R4:R34) -> 0 | S35: {=SUM(S4:S34)} -> 0 | T35: {=SUM(T4:T34)} -> 0 | U35: {=R35-S35-T35} -> 0 | V35: {=SUM(F35,K35,P35)} -> 79000 | W35: 36140

Sheet Апрель 2026
A1: Дата | B1: Toyota Corolla | G1: Kia Optima | L1: Honda Civic | Q1: hongqi | V1: Зар.палата забрали | W1: Ксса за все время
B2: Покупка и подготовка к аренде | C2: Аренда | D2: Расходы | F2: Прибыль | G2: Покупка и подготовка к аренде | H2: Аренда | I2: Расходы | K2: Прибыль | L2: Покупка и подготовка к аренде | M2: Аренда | N2: Расходы | P2: Прибыль | Q2: Покупка и подготовка к аренде | R2: Аренда | S2: Расходы | U2: Прибыль
D3: ТО | E3: Прочее | I3: ТО | J3: Прочее | N3: ТО | O3: Прочее | S3: ТО | T3: Прочее
A4: 46113 | F4: {=C4-D4-E4} -> 0 | K4: {=H4-I4-J4} -> 0 | P4: {=M4-N4-O4} -> 0 | U4: {=R4-S4-T4} -> 0
A5: 46114 | F5: {=C5-D5-E5} -> 0 | K5: {=H5-I5-J5} -> 0 | P5: {=M5-N5-O5} -> 0 | U5: {=R5-S5-T5} -> 0
A6: 46115 | F6: {=C6-D6-E6} -> 0 | K6: {=H6-I6-J6} -> 0 | P6: {=M6-N6-O6} -> 0 | U6: {=R6-S6-T6} -> 0
A7: 46116 | F7: {=C7-D7-E7} -> 0 | K7: {=H7-I7-J7} -> 0 | P7: {=M7-N7-O7} -> 0 | U7: {=R7-S7-T7} -> 0
A8: 46117 | F8: {=C8-D8-E8} -> 0 | K8: {=H8-I8-J8} -> 0 | P8: {=M8-N8-O8} -> 0 | U8: {=R8-S8-T8} -> 0
A9: 46118 | F9: {=C9-D9-E9} -> 0 | K9: {=H9-I9-J9} -> 0 | P9: {=M9-N9-O9} -> 0 | U9: {=R9-S9-T9} -> 0
A10: 46119 | F10: {=C10-D10-E10} -> 0 | K10: {=H10-I10-J10} -> 0 | P10: {=M10-N10-O10} -> 0 | U10: {=R10-S10-T10} -> 0
A11: 46120 | F11: {=C11-D11-E11} -> 0 | K11: {=H11-I11-J11} -> 0 | P11: {=M11-N11-O11} -> 0 | U11: {=R11-S11-T11} -> 0
A12: 46121 | F12: {=C12-D12-E12} -> 0 | K12: {=H12-I12-J12} -> 0 | P12: {=M12-N12-O12} -> 0 | U12: {=R12-S12-T12} -> 0
A13: 46122 | F13: {=C13-D13-E13} -> 0 | K13: {=H13-I13-J13} -> 0 | P13: {=M13-N13-O13} -> 0 | U13: {=R13-S13-T13} -> 0
A14: 46123 | F14: {=C14-D14-E14} -> 0 | K14: {=H14-I14-J14} -> 0 | P14: {=M14-N14-O14} -> 0 | U14: {=R14-S14-T14} -> 0
A15: 46124 | F15: {=C15-D15-E15} -> 0 | K15: {=H15-I15-J15} -> 0 | P15: {=M15-N15-O15} -> 0 | U15: {=R15-S15-T15} -> 0
... A25: 46134 | F25: {=C25-D25-E25} -> 0 | K25: {=H25-I25-J25} -> 0 | P25: {=M25-N25-O25} -> 0 | U25: {=R25-S25-T25} -> 0
A26: 46135 | F26: 0 | K26: {=H26-I26-J26} -> 0 | P26: {=M26-N26-O26} -> 0 | U26: {=R26-S26-T26} -> 0
A27: 46136 | F27: {=C27-D27-E27} -> 0 | K27: {=H27-I27-J27} -> 0 | P27: {=M27-N27-O27} -> 0 | U27: {=R27-S27-T27} -> 0
A28: 46137 | F28: {=C28-D28-E28} -> 0 | K28: {=H28-I28-J28} -> 0 | P28: {=M28-N28-O28} -> 0 | U28: {=R28-S28-T28} -> 0
A29: 46138 | F29: {=C29-D29-E29} -> 0 | K29: {=H29-I29-J29} -> 0 | P29: {=M29-N29-O29} -> 0 | U29: {=R29-S29-T29} -> 0
A30: 46139 | F30: {=C30-D30-E30} -> 0 | K30: {=H30-I30-J30} -> 0 | P30: {=M30-N30-O30} -> 0 | U30: {=R30-S30-T30} -> 0
A31: 46140 | F31: {=C31-D31-E31} -> 0 | K31: {=H31-I31-J31} -> 0 | P31: {=M31-N31-O31} -> 0 | U31: {=R31-S31-T31} -> 0
A32: 46141 | F32: {=C32-D32-E32} -> 0 | K32: {=H32-I32-J32} -> 0 | P32: {=M32-N32-O32} -> 0 | U32: {=R32-S32-T32} -> 0
A33: 46142 | F33: 0 | K33: {=H33-I33-J33} -> 0 | P33: {=M33-N33-O33} -> 0 | U33: {=R33-S33-T33} -> 0
A34: Итого: | B34: 1134100 | C34: {=SUM(C4:C31)} -> 0 | D34: {=SUM(D4:D31)} -> 0 | E34: {=SUM(E4:E31)} -> 0 | F34: {=C34-D34-E34} -> 0 | G34: 1517550 | H34: {=SUM(H4:H33)} -> 0 | I34: {=SUM(I4:I33)} -> 0 | J34: {=SUM(J4:J33)} -> 0 | K34: {=H34-I34-J34} -> 0 | L34: 982800 | M34: {=SUM(M4:M33)} -> 0 | N34: {=SUM(N4:N33)} -> 0 | O34: {=SUM(O4:O33)} -> 0 | P34: {=M34-N34-O34} -> 0 | R34: =SUM(R4:R33) -> 0 | S34: {=SUM(S4:S33)} -> 0 | T34: {=SUM(T4:T33)} -> 0 | U34: {=R34-S34-T34} -> 0 | V34: {=SUM(F34,K34,P34)} -> 0 | W34: 31500

Sheet Май 2026
A1: Дата | B1: Toyota Corolla | G1: Kia Optima | L1: Honda Civic | Q1: hongqi | V1: Зар.палата забрали | W1: Ксса за все время
B2: Покупка и подготовка к аренде | C2: Аренда | D2: Расходы | F2: Прибыль | G2: Покупка и подготовка к аренде | H2: Аренда | I2: Расходы | K2: Прибыль | L2: Покупка и подготовка к аренде | M2: Аренда | N2: Расходы | P2: Прибыль | Q2: Покупка и подготовка к аренде | R2: Аренда | S2: Расходы | U2: Прибыль
D3: ТО | E3: Прочее | I3: ТО | J3: Прочее | N3: ТО | O3: Прочее | S3: ТО | T3: Прочее
A4: 46143 | F4: {=C4-D4-E4} -> 0 | K4: {=H4-I4-J4} -> 0 | P4: {=M4-N4-O4} -> 0 | U4: {=R4-S4-T4} -> 0
A5: 46144 | F5: {=C5-D5-E5} -> 0 | K5: {=H5-I5-J5} -> 0 | P5: {=M5-N5-O5} -> 0 | U5: {=R5-S5-T5} -> 0
A6: 46145 | F6: {=C6-D6-E6} -> 0 | K6: {=H6-I6-J6} -> 0 | P6: {=M6-N6-O6} -> 0 | U6: {=R6-S6-T6} -> 0
A7: 46146 | F7: {=C7-D7-E7} -> 0 | K7: {=H7-I7-J7} -> 0 | P7: {=M7-N7-O7} -> 0 | U7: {=R7-S7-T7} -> 0
A8: 46147 | F8: {=C8-D8-E8} -> 0 | K8: {=H8-I8-J8} -> 0 | P8: {=M8-N8-O8} -> 0 | U8: {=R8-S8-T8} -> 0
A9: 46148 | F9: {=C9-D9-E9} -> 0 | K9: {=H9-I9-J9} -> 0 | P9: {=M9-N9-O9} -> 0 | U9: {=R9-S9-T9} -> 0
A10: 46149 | F10: {=C10-D10-E10} -> 0 | K10: {=H10-I10-J10} -> 0 | P10: {=M10-N10-O10} -> 0 | U10: {=R10-S10-T10} -> 0
A11: 46150 | F11: {=C11-D11-E11} -> 0 | K11: {=H11-I11-J11} -> 0 | P11: {=M11-N11-O11} -> 0 | U11: {=R11-S11-T11} -> 0
A12: 46151 | F12: {=C12-D12-E12} -> 0 | K12: {=H12-I12-J12} -> 0 | P12: {=M12-N12-O12} -> 0 | U12: {=R12-S12-T12} -> 0
A13: 46152 | F13: {=C13-D13-E13} -> 0 | K13: {=H13-I13-J13} -> 0 | P13: {=M13-N13-O13} -> 0 | U13: {=R13-S13-T13} -> 0
A14: 46153 | F14: {=C14-D14-E14} -> 0 | K14: {=H14-I14-J14} -> 0 | P14: {=M14-N14-O14} -> 0 | U14: {=R14-S14-T14} -> 0
A15: 46154 | F15: {=C15-D15-E15} -> 0 | K15: {=H15-I15-J15} -> 0 | P15: {=M15-N15-O15} -> 0 | U15: {=R15-S15-T15} -> 0
... A34: 46173 | F34: {=C34-D34-E34} -> 0 | K34: {=H34-I34-J34} -> 0 | P34: {=M34-N34-O34} -> 0 | U34: {=R34-S34-T34} -> 0
A35: Итого: | B35: 1134100 | C35: {=SUM(C4:C34)} -> 0 | D35: {=SUM(D4:D34)} -> 0 | E35: {=SUM(E4:E34)} -> 0 | F35: {=C35-D35-E35} -> 0 | G35: 1517550 | H35: {=SUM(H4:H34)} -> 0 | I35: {=SUM(I4:I34)} -> 0 | J35: {=SUM(J4:J34)} -> 0 | K35: {=H35-I35-J35} -> 0 | L35: 982800 | M35: {=SUM(M4:M34)} -> 0 | N35: {=SUM(N4:N34)} -> 0 | O35: {=SUM(O4:O34)} -> 0 | P35: {=M35-N35-O35} -> 0 | R35: =SUM(R4:R34) -> 0 | S35: {=SUM(S4:S34)} -> 0 | T35: {=SUM(T4:T34)} -> 0 | U35: {=R35-S35-T35} -> 0 | V35: {=SUM(F35,K35,P35)} -> 0 | W35: 31500

Sheet Июнь 2026
A1: Дата | B1: Toyota Corolla | G1: Kia Optima | L1: Honda Civic | Q1: hongqi | V1: Зар.палата забрали | W1: Ксса за все время
B2: Покупка и подготовка к аренде | C2: Аренда | D2: Расходы | F2: Прибыль | G2: Покупка и подготовка к аренде | H2: Аренда | I2: Расходы | K2: Прибыль | L2: Покупка и подготовка к аренде | M2: Аренда | N2: Расходы | P2: Прибыль | Q2: Покупка и подготовка к аренде | R2: Аренда | S2: Расходы | U2: Прибыль
D3: ТО | E3: Прочее | I3: ТО | J3: Прочее | N3: ТО | O3: Прочее | S3: ТО | T3: Прочее
A4: 46174 | F4: {=C4-D4-E4} -> 0 | K4: {=H4-I4-J4} -> 0 | P4: {=M4-N4-O4} -> 0 | U4: {=R4-S4-T4} -> 0
A5: 46175 | F5: {=C5-D5-E5} -> 0 | K5: {=H5-I5-J5} -> 0 | P5: {=M5-N5-O5} -> 0 | U5: {=R5-S5-T5} -> 0
A6: 46176 | F6: {=C6-D6-E6} -> 0 | K6: {=H6-I6-J6} -> 0 | P6: {=M6-N6-O6} -> 0 | U6: {=R6-S6-T6} -> 0
A7: 46177 | F7: {=C7-D7-E7} -> 0 | K7: {=H7-I7-J7} -> 0 | P7: {=M7-N7-O7} -> 0 | U7: {=R7-S7-T7} -> 0
A8: 46178 | F8: {=C8-D8-E8} -> 0 | K8: {=H8-I8-J8} -> 0 | P8: {=M8-N8-O8} -> 0 | U8: {=R8-S8-T8} -> 0
A9: 46179 | F9: {=C9-D9-E9} -> 0 | K9: {=H9-I9-J9} -> 0 | P9: {=M9-N9-O9} -> 0 | U9: {=R9-S9-T9} -> 0
A10: 46180 | F10: {=C10-D10-E10} -> 0 | K10: {=H10-I10-J10} -> 0 | P10: {=M10-N10-O10} -> 0 | U10: {=R10-S10-T10} -> 0
A11: 46181 | F11: {=C11-D11-E11} -> 0 | K11: {=H11-I11-J11} -> 0 | P11: {=M11-N11-O11} -> 0 | U11: {=R11-S11-T11} -> 0
A12: 46182 | F12: {=C12-D12-E12} -> 0 | K12: {=H12-I12-J12} -> 0 | P12: {=M12-N12-O12} -> 0 | U12: {=R12-S12-T12} -> 0
A13: 46183 | F13: {=C13-D13-E13} -> 0 | K13: {=H13-I13-J13} -> 0 | P13: {=M13-N13-O13} -> 0 | U13: {=R13-S13-T13} -> 0
A14: 46184 | F14: {=C14-D14-E14} -> 0 | K14: {=H14-I14-J14} -> 0 | P14: {=M14-N14-O14} -> 0 | U14: {=R14-S14-T14} -> 0
A15: 46185 | F15: {=C15-D15-E15} -> 0 | K15: {=H15-I15-J15} -> 0 | P15: {=M15-N15-O15} -> 0 | U15: {=R15-S15-T15} -> 0
... A32: 46202 | F32: {=C32-D32-E32} -> 0 | K32: {=H32-I32-J32} -> 0 | P32: {=M32-N32-O32} -> 0 | U32: {=R32-S32-T32} -> 0
A33: 46203 | F33: 0 | K33: {=H33-I33-J33} -> 0 | P33: {=M33-N33-O33} -> 0 | U33: {=R33-S33-T33} -> 0
A34: Итого: | B34: {=SUM(B4:B33)+'Май 2026'!B35} -> 1134100 | C34: {=SUM(C4:C31)} -> 0 | D34: {=SUM(D4:D31)} -> 0 | E34: {=SUM(E4:E31)} -> 0 | F34: {=C34-D34-E34} -> 0 | G34: {=SUM(G4:G33)+'Май 2026'!G35} -> 1517550 | H34: {=SUM(H4:H33)} -> 0 | I34: {=SUM(I4:I33)} -> 0 | J34: {=SUM(J4:J33)} -> 0 | K34: {=H34-I34-J34} -> 0 | L34: {=SUM(L4:L33)+'Май 2026'!L35} -> 982800 | M34: {=SUM(M4:M33)} -> 0 | N34: {=SUM(N4:N33)} -> 0 | O34: {=SUM(O4:O33)} -> 0 | P34: {=M34-N34-O34} -> 0 | R34: =SUM(R4:R33) -> 0 | S34: {=SUM(S4:S33)} -> 0 | T34: {=SUM(T4:T33)} -> 0 | U34: {=R34-S34-T34} -> 0 | V34: {=SUM(F34,K34,P34)} -> 0 | W34: {=V34+'Май 2026'!W35} -> 31500

Sheet Июль 2026
A1: Дата | B1: Toyota Corolla | G1: Kia Optima | L1: Honda Civic | Q1: hongqi | V1: Зар.палата забрали | W1: Ксса за все время
B2: Покупка и подготовка к аренде | C2: Аренда | D2: Расходы | F2: Прибыль | G2: Покупка и подготовка к аренде | H2: Аренда | I2: Расходы | K2: Прибыль | L2: Покупка и подготовка к аренде | M2: Аренда | N2: Расходы | P2: Прибыль | Q2: Покупка и подготовка к аренде | R2: Аренда | S2: Расходы | U2: Прибыль
D3: ТО | E3: Прочее | I3: ТО | J3: Прочее | N3: ТО | O3: Прочее | S3: ТО | T3: Прочее
A4: 46204 | F4: {=C4-D4-E4} -> 0 | K4: {=H4-I4-J4} -> 0 | P4: {=M4-N4-O4} -> 0 | U4: {=R4-S4-T4} -> 0
A5: 46205 | F5: {=C5-D5-E5} -> 0 | K5: {=H5-I5-J5} -> 0 | P5: {=M5-N5-O5} -> 0 | U5: {=R5-S5-T5} -> 0
A6: 46206 | F6: {=C6-D6-E6} -> 0 | K6: {=H6-I6-J6} -> 0 | P6: {=M6-N6-O6} -> 0 | U6: {=R6-S6-T6} -> 0
A7: 46207 | F7: {=C7-D7-E7} -> 0 | K7: {=H7-I7-J7} -> 0 | P7: {=M7-N7-O7} -> 0 | U7: {=R7-S7-T7} -> 0
A8: 46208 | F8: {=C8-D8-E8} -> 0 | K8: {=H8-I8-J8} -> 0 | P8: {=M8-N8-O8} -> 0 | U8: {=R8-S8-T8} -> 0
A9: 46209 | F9: {=C9-D9-E9} -> 0 | K9: {=H9-I9-J9} -> 0 | P9: {=M9-N9-O9} -> 0 | U9: {=R9-S9-T9} -> 0
A10: 46210 | F10: {=C10-D10-E10} -> 0 | K10: {=H10-I10-J10} -> 0 | P10: {=M10-N10-O10} -> 0 | U10: {=R10-S10-T10} -> 0
A11: 46211 | F11: {=C11-D11-E11} -> 0 | K11: {=H11-I11-J11} -> 0 | P11: {=M11-N11-O11} -> 0 | U11: {=R11-S11-T11} -> 0
A12: 46212 | F12: {=C12-D12-E12} -> 0 | K12: {=H12-I12-J12} -> 0 | P12: {=M12-N12-O12} -> 0 | U12: {=R12-S12-T12} -> 0
A13: 46213 | F13: {=C13-D13-E13} -> 0 | K13: {=H13-I13-J13} -> 0 | P13: {=M13-N13-O13} -> 0 | U13: {=R13-S13-T13} -> 0
A14: 46214 | F14: {=C14-D14-E14} -> 0 | K14: {=H14-I14-J14} -> 0 | P14: {=M14-N14-O14} -> 0 | U14: {=R14-S14-T14} -> 0
A15: 46215 | F15: {=C15-D15-E15} -> 0 | K15: {=H15-I15-J15} -> 0 | P15: {=M15-N15-O15} -> 0 | U15: {=R15-S15-T15} -> 0
... A34: 46234 | F34: {=C34-D34-E34} -> 0 | K34: {=H34-I34-J34} -> 0 | P34: {=M34-N34-O34} -> 0 | U34: {=R34-S34-T34} -> 0
A35: Итого: | B35: 1134100 | C35: {=SUM(C4:C34)} -> 0 | D35: {=SUM(D4:D34)} -> 0 | E35: {=SUM(E4:E34)} -> 0 | F35: {=C35-D35-E35} -> 0 | G35: 1517550 | H35: {=SUM(H4:H34)} -> 0 | I35: {=SUM(I4:I34)} -> 0 | J35: {=SUM(J4:J34)} -> 0 | K35: {=H35-I35-J35} -> 0 | L35: 982800 | M35: {=SUM(M4:M34)} -> 0 | N35: {=SUM(N4:N34)} -> 0 | O35: {=SUM(O4:O34)} -> 0 | P35: {=M35-N35-O35} -> 0 | R35: =SUM(R4:R33) -> 0 | S35: {=SUM(S4:S33)} -> 0 | T35: {=SUM(T4:T33)} -> 0 | U35: {=R35-S35-T35} -> 0 | V35: {=SUM(F35,K35,P35)} -> 0 | W35: 31500

Sheet Август 2026
A1: Дата | B1: Toyota Corolla | G1: Kia Optima | L1: Honda Civic | Q1: hongqi | V1: Зар.палата забрали | W1: Ксса за все время
B2: Покупка и подготовка к аренде | C2: Аренда | D2: Расходы | F2: Прибыль | G2: Покупка и подготовка к аренде | H2: Аренда | I2: Расходы | K2: Прибыль | L2: Покупка и подготовка к аренде | M2: Аренда | N2: Расходы | P2: Прибыль | Q2: Покупка и подготовка к аренде | R2: Аренда | S2: Расходы | U2: Прибыль
D3: ТО | E3: Прочее | I3: ТО | J3: Прочее | N3: ТО | O3: Прочее | S3: ТО | T3: Прочее
A4: 46235 | F4: {=C4-D4-E4} -> 0 | K4: {=H4-I4-J4} -> 0 | P4: {=M4-N4-O4} -> 0 | U4: {=R4-S4-T4} -> 0
A5: 46236 | F5: {=C5-D5-E5} -> 0 | K5: {=H5-I5-J5} -> 0 | P5: {=M5-N5-O5} -> 0 | U5: {=R5-S5-T5} -> 0
A6: 46237 | F6: {=C6-D6-E6} -> 0 | K6: {=H6-I6-J6} -> 0 | P6: {=M6-N6-O6} -> 0 | U6: {=R6-S6-T6} -> 0
A7: 46238 | F7: {=C7-D7-E7} -> 0 | K7: {=H7-I7-J7} -> 0 | P7: {=M7-N7-O7} -> 0 | U7: {=R7-S7-T7} -> 0
A8: 46239 | F8: {=C8-D8-E8} -> 0 | K8: {=H8-I8-J8} -> 0 | P8: {=M8-N8-O8} -> 0 | U8: {=R8-S8-T8} -> 0
A9: 46240 | F9: {=C9-D9-E9} -> 0 | K9: {=H9-I9-J9} -> 0 | P9: {=M9-N9-O9} -> 0 | U9: {=R9-S9-T9} -> 0
A10: 46241 | F10: {=C10-D10-E10} -> 0 | K10: {=H10-I10-J10} -> 0 | P10: {=M10-N10-O10} -> 0 | U10: {=R10-S10-T10} -> 0
A11: 46242 | F11: {=C11-D11-E11} -> 0 | K11: {=H11-I11-J11} -> 0 | P11: {=M11-N11-O11} -> 0 | U11: {=R11-S11-T11} -> 0
A12: 46243 | F12: {=C12-D12-E12} -> 0 | K12: {=H12-I12-J12} -> 0 | P12: {=M12-N12-O12} -> 0 | U12: {=R12-S12-T12} -> 0
A13: 46244 | F13: {=C13-D13-E13} -> 0 | K13: {=H13-I13-J13} -> 0 | P13: {=M13-N13-O13} -> 0 | U13: {=R13-S13-T13} -> 0
A14: 46245 | F14: {=C14-D14-E14} -> 0 | K14: {=H14-I14-J14} -> 0 | P14: {=M14-N14-O14} -> 0 | U14: {=R14-S14-T14} -> 0
A15: 46246 | F15: {=C15-D15-E15} -> 0 | K15: {=H15-I15-J15} -> 0 | P15: {=M15-N15-O15} -> 0 | U15: {=R15-S15-T15} -> 0
... A32: 46263 | F32: {=C32-D32-E32} -> 0 | K32: {=H32-I32-J32} -> 0 | P32: {=M32-N32-O32} -> 0 | U32: {=R32-S32-T32} -> 0
A33: 46264 | F33: 0 | K33: {=H33-I33-J33} -> 0 | P33: {=M33-N33-O33} -> 0 | U33: {=R33-S33-T33} -> 0
A34: Итого: | B34: 1134100 | C34: {=SUM(C4:C33)} -> 0 | D34: {=SUM(D4:D33)} -> 0 | E34: {=SUM(E4:E33)} -> 0 | F34: {=C34-D34-E34} -> 0 | G34: 1517550 | H34: {=SUM(H4:H33)} -> 0 | I34: {=SUM(I4:I33)} -> 0 | J34: {=SUM(J4:J33)} -> 0 | K34: {=H34-I34-J34} -> 0 | L34: 982800 | M34: {=SUM(M4:M33)} -> 0 | N34: {=SUM(N4:N33)} -> 0 | O34: {=SUM(O4:O33)} -> 0 | P34: {=M34-N34-O34} -> 0 | R34: =SUM(R4:R33) -> 0 | S34: {=SUM(S4:S33)} -> 0 | T34: {=SUM(T4:T33)} -> 0 | U34: {=R34-S34-T34} -> 0 | V34: {=SUM(F34,K34,P34)} -> 0 | W34: 31500

Sheet Сентябрь 2026
A1: Дата | B1: Toyota Corolla | G1: Kia Optima | L1: Honda Civic | Q1: hongqi | V1: Зар.палата забрали | W1: Ксса за все время
B2: Покупка и подготовка к аренде | C2: Аренда | D2: Расходы | F2: Прибыль | G2: Покупка и подготовка к аренде | H2: Аренда | I2: Расходы | K2: Прибыль | L2: Покупка и подготовка к аренде | M2: Аренда | N2: Расходы | P2: Прибыль | Q2: Покупка и подготовка к аренде | R2: Аренда | S2: Расходы | U2: Прибыль
D3: ТО | E3: Прочее | I3: ТО | J3: Прочее | N3: ТО | O3: Прочее | S3: ТО | T3: Прочее
A4: 46204 | F4: {=C4-D4-E4} -> 0 | K4: {=H4-I4-J4} -> 0 | P4: {=M4-N4-O4} -> 0 | U4: {=R4-S4-T4} -> 0
A5: 46205 | F5: {=C5-D5-E5} -> 0 | K5: {=H5-I5-J5} -> 0 | P5: {=M5-N5-O5} -> 0 | U5: {=R5-S5-T5} -> 0
A6: 46206 | F6: {=C6-D6-E6} -> 0 | K6: {=H6-I6-J6} -> 0 | P6: {=M6-N6-O6} -> 0 | U6: {=R6-S6-T6} -> 0
A7: 46207 | F7: {=C7-D7-E7} -> 0 | K7: {=H7-I7-J7} -> 0 | P7: {=M7-N7-O7} -> 0 | U7: {=R7-S7-T7} -> 0
A8: 46208 | F8: {=C8-D8-E8} -> 0 | K8: {=H8-I8-J8} -> 0 | P8: {=M8-N8-O8} -> 0 | U8: {=R8-S8-T8} -> 0
A9: 46209 | F9: {=C9-D9-E9} -> 0 | K9: {=H9-I9-J9} -> 0 | P9: {=M9-N9-O9} -> 0 | U9: {=R9-S9-T9} -> 0
A10: 46210 | F10: {=C10-D10-E10} -> 0 | K10: {=H10-I10-J10} -> 0 | P10: {=M10-N10-O10} -> 0 | U10: {=R10-S10-T10} -> 0
A11: 46211 | F11: {=C11-D11-E11} -> 0 | K11: {=H11-I11-J11} -> 0 | P11: {=M11-N11-O11} -> 0 | U11: {=R11-S11-T11} -> 0
A12: 46212 | F12: {=C12-D12-E12} -> 0 | K12: {=H12-I12-J12} -> 0 | P12: {=M12-N12-O12} -> 0 | U12: {=R12-S12-T12} -> 0
A13: 46213 | F13: {=C13-D13-E13} -> 0 | K13: {=H13-I13-J13} -> 0 | P13: {=M13-N13-O13} -> 0 | U13: {=R13-S13-T13} -> 0
A14: 46214 | F14: {=C14-D14-E14} -> 0 | K14: {=H14-I14-J14} -> 0 | P14: {=M14-N14-O14} -> 0 | U14: {=R14-S14-T14} -> 0
A15: 46215 | F15: {=C15-D15-E15} -> 0 | K15: {=H15-I15-J15} -> 0 | P15: {=M15-N15-O15} -> 0 | U15: {=R15-S15-T15} -> 0
... A32: 46232 | F32: {=C32-D32-E32} -> 0 | K32: {=H32-I32-J32} -> 0 | P32: {=M32-N32-O32} -> 0 | U32: {=R32-S32-T32} -> 0
A33: 46233 | F33: 0 | K33: {=H33-I33-J33} -> 0 | P33: {=M33-N33-O33} -> 0 | U33: {=R33-S33-T33} -> 0
A34: Итого: | B34: {=SUM(B4:B33)+'Август 2026'!B34} -> 1134100 | C34: {=SUM(C4:C33)} -> 0 | D34: {=SUM(D4:D33)} -> 0 | E34: {=SUM(E4:E33)} -> 0 | F34: {=C34-D34-E34} -> 0 | G34: {=SUM(G4:G33)+'Август 2026'!G34} -> 1517550 | H34: {=SUM(H4:H33)} -> 0 | I34: {=SUM(I4:I33)} -> 0 | J34: {=SUM(J4:J33)} -> 0 | K34: {=H34-I34-J34} -> 0 | L34: {=SUM(L4:L33)+'Август 2026'!L34} -> 982800 | M34: {=SUM(M4:M33)} -> 0 | N34: {=SUM(N4:N33)} -> 0 | O34: {=SUM(O4:O33)} -> 0 | P34: {=M34-N34-O34} -> 0 | R34: =SUM(R4:R33) -> 0 | S34: {=SUM(S4:S33)} -> 0 | T34: {=SUM(T4:T33)} -> 0 | U34: {=R34-S34-T34} -> 0 | V34: {=SUM(F34,K34,P34)} -> 0 | W34: {=V34+'Август 2026'!W34} -> 31500

Sheet Оетябрь 2026
A1: Дата | B1: Toyota Corolla | G1: Kia Optima | L1: Honda Civic | Q1: hongqi | V1: Зар.палата забрали | W1: Ксса за все время
B2: Покупка и подготовка к аренде | C2: Аренда | D2: Расходы | F2: Прибыль | G2: Покупка и подготовка к аренде | H2: Аренда | I2: Расходы | K2: Прибыль | L2: Покупка и подготовка к аренде | M2: Аренда | N2: Расходы | P2: Прибыль | Q2: Покупка и подготовка к аренде | R2: Аренда | S2: Расходы | U2: Прибыль
D3: ТО | E3: Прочее | I3: ТО | J3: Прочее | N3: ТО | O3: Прочее | S3: ТО | T3: Прочее
A4: 46296 | F4: {=C4-D4-E4} -> 0 | K4: {=H4-I4-J4} -> 0 | P4: {=M4-N4-O4} -> 0 | U4: {=R4-S4-T4} -> 0
A5: 46297 | F5: {=C5-D5-E5} -> 0 | K5: {=H5-I5-J5} -> 0 | P5: {=M5-N5-O5} -> 0 | U5: {=R5-S5-T5} -> 0
A6: 46298 | F6: {=C6-D6-E6} -> 0 | K6: {=H6-I6-J6} -> 0 | P6: {=M6-N6-O6} -> 0 | U6: {=R6-S6-T6} -> 0
A7: 46299 | F7: {=C7-D7-E7} -> 0 | K7: {=H7-I7-J7} -> 0 | P7: {=M7-N7-O7} -> 0 | U7: {=R7-S7-T7} -> 0
A8: 46300 | F8: {=C8-D8-E8} -> 0 | K8: {=H8-I8-J8} -> 0 | P8: {=M8-N8-O8} -> 0 | U8: {=R8-S8-T8} -> 0
A9: 46301 | F9: {=C9-D9-E9} -> 0 | K9: {=H9-I9-J9} -> 0 | P9: {=M9-N9-O9} -> 0 | U9: {=R9-S9-T9} -> 0
A10: 46302 | F10: {=C10-D10-E10} -> 0 | K10: {=H10-I10-J10} -> 0 | P10: {=M10-N10-O10} -> 0 | U10: {=R10-S10-T10} -> 0
A11: 46303 | F11: {=C11-D11-E11} -> 0 | K11: {=H11-I11-J11} -> 0 | P11: {=M11-N11-O11} -> 0 | U11: {=R11-S11-T11} -> 0
A12: 46304 | F12: {=C12-D12-E12} -> 0 | K12: {=H12-I12-J12} -> 0 | P12: {=M12-N12-O12} -> 0 | U12: {=R12-S12-T12} -> 0
A13: 46305 | F13: {=C13-D13-E13} -> 0 | K13: {=H13-I13-J13} -> 0 | P13: {=M13-N13-O13} -> 0 | U13: {=R13-S13-T13} -> 0
A14: 46306 | F14: {=C14-D14-E14} -> 0 | K14: {=H14-I14-J14} -> 0 | P14: {=M14-N14-O14} -> 0 | U14: {=R14-S14-T14} -> 0
A15: 46307 | F15: {=C15-D15-E15} -> 0 | K15: {=H15-I15-J15} -> 0 | P15: {=M15-N15-O15} -> 0 | U15: {=R15-S15-T15} -> 0
... A34: 46326 | F34: {=C34-D34-E34} -> 0 | K34: {=H34-I34-J34} -> 0 | P34: {=M34-N34-O34} -> 0 | U34: {=R34-S34-T34} -> 0
A35: Итого: | B35: 1134100 | C35: {=SUM(C4:C34)} -> 0 | D35: {=SUM(D4:D34)} -> 0 | E35: {=SUM(E4:E34)} -> 0 | F35: {=C35-D35-E35} -> 0 | G35: 1517550 | H35: {=SUM(H4:H34)} -> 0 | I35: {=SUM(I4:I34)} -> 0 | J35: {=SUM(J4:J34)} -> 0 | K35: {=H35-I35-J35} -> 0 | L35: 982800 | M35: {=SUM(M4:M34)} -> 0 | N35: {=SUM(N4:N34)} -> 0 | O35: {=SUM(O4:O34)} -> 0 | P35: {=M35-N35-O35} -> 0 | R35: =SUM(R4:R33) -> 0 | S35: {=SUM(S4:S33)} -> 0 | T35: {=SUM(T4:T33)} -> 0 | U35: {=R35-S35-T35} -> 0 | V35: {=SUM(F35,K35,P35)} -> 0 | W35: 31500

Sheet Ноябрь 2026
A1: Дата | B1: Toyota Corolla | G1: Kia Optima | L1: Honda Civic | Q1: hongqi | V1: Зар.палата забрали | W1: Ксса за все время
B2: Покупка и подготовка к аренде | C2: Аренда | D2: Расходы | F2: Прибыль | G2: Покупка и подготовка к аренде | H2: Аренда | I2: Расходы | K2: Прибыль | L2: Покупка и подготовка к аренде | M2: Аренда | N2: Расходы | P2: Прибыль | Q2: Покупка и подготовка к аренде | R2: Аренда | S2: Расходы | U2: Прибыль
D3: ТО | E3: Прочее | I3: ТО | J3: Прочее | N3: ТО | O3: Прочее | S3: ТО | T3: Прочее
A4: 46327 | F4: {=C4-D4-E4} -> 0 | K4: {=H4-I4-J4} -> 0 | P4: {=M4-N4-O4} -> 0 | U4: {=R4-S4-T4} -> 0
A5: 46328 | F5: {=C5-D5-E5} -> 0 | K5: {=H5-I5-J5} -> 0 | P5: {=M5-N5-O5} -> 0 | U5: {=R5-S5-T5} -> 0
A6: 46329 | F6: {=C6-D6-E6} -> 0 | K6: {=H6-I6-J6} -> 0 | P6: {=M6-N6-O6} -> 0 | U6: {=R6-S6-T6} -> 0
A7: 46330 | F7: {=C7-D7-E7} -> 0 | K7: {=H7-I7-J7} -> 0 | P7: {=M7-N7-O7} -> 0 | U7: {=R7-S7-T7} -> 0
A8: 46331 | F8: {=C8-D8-E8} -> 0 | K8: {=H8-I8-J8} -> 0 | P8: {=M8-N8-O8} -> 0 | U8: {=R8-S8-T8} -> 0
A9: 46332 | F9: {=C9-D9-E9} -> 0 | K9: {=H9-I9-J9} -> 0 | P9: {=M9-N9-O9} -> 0 | U9: {=R9-S9-T9} -> 0
A10: 46333 | F10: {=C10-D10-E10} -> 0 | K10: {=H10-I10-J10} -> 0 | P10: {=M10-N10-O10} -> 0 | U10: {=R10-S10-T10} -> 0
A11: 46334 | F11: {=C11-D11-E11} -> 0 | K11: {=H11-I11-J11} -> 0 | P11: {=M11-N11-O11} -> 0 | U11: {=R11-S11-T11} -> 0
A12: 46335 | F12: {=C12-D12-E12} -> 0 | K12: {=H12-I12-J12} -> 0 | P12: {=M12-N12-O12} -> 0 | U12: {=R12-S12-T12} -> 0
A13: 46336 | F13: {=C13-D13-E13} -> 0 | K13: {=H13-I13-J13} -> 0 | P13: {=M13-N13-O13} -> 0 | U13: {=R13-S13-T13} -> 0
A14: 46337 | F14: {=C14-D14-E14} -> 0 | K14: {=H14-I14-J14} -> 0 | P14: {=M14-N14-O14} -> 0 | U14: {=R14-S14-T14} -> 0
A15: 46338 | F15: {=C15-D15-E15} -> 0 | K15: {=H15-I15-J15} -> 0 | P15: {=M15-N15-O15} -> 0 | U15: {=R15-S15-T15} -> 0
... A32: 46355 | F32: {=C32-D32-E32} -> 0 | K32: {=H32-I32-J32} -> 0 | P32: {=M32-N32-O32} -> 0 | U32: {=R32-S32-T32} -> 0
A33: 46356 | F33: 0 | K33: {=H33-I33-J33} -> 0 | P33: {=M33-N33-O33} -> 0 | U33: {=R33-S33-T33} -> 0
A34: Итого: | B34: 1134100 | C34: {=SUM(C4:C33)} -> 0 | D34: {=SUM(D4:D33)} -> 0 | E34: {=SUM(E4:E33)} -> 0 | F34: {=C34-D34-E34} -> 0 | G34: 1517550 | H34: {=SUM(H4:H33)} -> 0 | I34: {=SUM(I4:I33)} -> 0 | J34: {=SUM(J4:J33)} -> 0 | K34: {=H34-I34-J34} -> 0 | L34: 982800 | M34: {=SUM(M4:M33)} -> 0 | N34: {=SUM(N4:N33)} -> 0 | O34: {=SUM(O4:O33)} -> 0 | P34: {=M34-N34-O34} -> 0 | R34: =SUM(R4:R33) -> 0 | S34: {=SUM(S4:S33)} -> 0 | T34: {=SUM(T4:T33)} -> 0 | U34: {=R34-S34-T34} -> 0 | V34: {=SUM(F34,K34,P34)} -> 0 | W34: 31500

Sheet Декабрь 2026
A1: Дата | B1: Toyota Corolla | G1: Kia Optima | L1: Honda Civic | Q1: hongqi | V1: Зар.палата забрали | W1: Ксса за все время
B2: Покупка и подготовка к аренде | C2: Аренда | D2: Расходы | F2: Прибыль | G2: Покупка и подготовка к аренде | H2: Аренда | I2: Расходы | K2: Прибыль | L2: Покупка и подготовка к аренде | M2: Аренда | N2: Расходы | P2: Прибыль | Q2: Покупка и подготовка к аренде | R2: Аренда | S2: Расходы | U2: Прибыль
D3: ТО | E3: Прочее | I3: ТО | J3: Прочее | N3: ТО | O3: Прочее | S3: ТО | T3: Прочее
A4: 46357 | F4: {=C4-D4-E4} -> 0 | K4: {=H4-I4-J4} -> 0 | P4: {=M4-N4-O4} -> 0 | U4: {=R4-S4-T4} -> 0
A5: 46358 | F5: {=C5-D5-E5} -> 0 | K5: {=H5-I5-J5} -> 0 | P5: {=M5-N5-O5} -> 0 | U5: {=R5-S5-T5} -> 0
A6: 46359 | F6: {=C6-D6-E6} -> 0 | K6: {=H6-I6-J6} -> 0 | P6: {=M6-N6-O6} -> 0 | U6: {=R6-S6-T6} -> 0
A7: 46360 | F7: {=C7-D7-E7} -> 0 | K7: {=H7-I7-J7} -> 0 | P7: {=M7-N7-O7} -> 0 | U7: {=R7-S7-T7} -> 0
A8: 46361 | F8: {=C8-D8-E8} -> 0 | K8: {=H8-I8-J8} -> 0 | P8: {=M8-N8-O8} -> 0 | U8: {=R8-S8-T8} -> 0
A9: 46362 | F9: {=C9-D9-E9} -> 0 | K9: {=H9-I9-J9} -> 0 | P9: {=M9-N9-O9} -> 0 | U9: {=R9-S9-T9} -> 0
A10: 46363 | F10: {=C10-D10-E10} -> 0 | K10: {=H10-I10-J10} -> 0 | P10: {=M10-N10-O10} -> 0 | U10: {=R10-S10-T10} -> 0
A11: 46364 | F11: {=C11-D11-E11} -> 0 | K11: {=H11-I11-J11} -> 0 | P11: {=M11-N11-O11} -> 0 | U11: {=R11-S11-T11} -> 0
A12: 46365 | F12: {=C12-D12-E12} -> 0 | K12: {=H12-I12-J12} -> 0 | P12: {=M12-N12-O12} -> 0 | U12: {=R12-S12-T12} -> 0
A13: 46366 | F13: {=C13-D13-E13} -> 0 | K13: {=H13-I13-J13} -> 0 | P13: {=M13-N13-O13} -> 0 | U13: {=R13-S13-T13} -> 0
A14: 46367 | F14: {=C14-D14-E14} -> 0 | K14: {=H14-I14-J14} -> 0 | P14: {=M14-N14-O14} -> 0 | U14: {=R14-S14-T14} -> 0
A15: 46368 | F15: {=C15-D15-E15} -> 0 | K15: {=H15-I15-J15} -> 0 | P15: {=M15-N15-O15} -> 0 | U15: {=R15-S15-T15} -> 0
... A34: 46387 | F34: {=C34-D34-E34} -> 0 | K34: {=H34-I34-J34} -> 0 | P34: {=M34-N34-O34} -> 0 | U34: {=R34-S34-T34} -> 0
A35: Итого: | B35: 1134100 | C35: {=SUM(C4:C34)} -> 0 | D35: {=SUM(D4:D34)} -> 0 | E35: {=SUM(E4:E34)} -> 0 | F35: {=C35-D35-E35} -> 0 | G35: 1517550 | H35: {=SUM(H4:H34)} -> 0 | I35: {=SUM(I4:I34)} -> 0 | J35: {=SUM(J4:J34)} -> 0 | K35: {=H35-I35-J35} -> 0 | L35: 982800 | M35: {=SUM(M4:M34)} -> 0 | N35: {=SUM(N4:N34)} -> 0 | O35: {=SUM(O4:O34)} -> 0 | P35: {=M35-N35-O35} -> 0 | R35: =SUM(R4:R33) -> 0 | S35: {=SUM(S4:S33)} -> 0 | T35: {=SUM(T4:T33)} -> 0 | U35: {=R35-S35-T35} -> 0 | V35: {=SUM(F35,K35,P35)} -> 0 | W35: 31500
